1.32.232.0,US,,female,18-24
4.15.16.2,US,Aimee Davies,female,18-24
12.156.188.16,US,Tyreece "Ty" Trejo,male,25-34
67.17.93.15,US,Colm Kearns,male,25-34
38.101.161.139,US,Alma Brooker,unknown,unknown
178.32.128.80,FR,Daniel Woods,unknown,unknown
176.31.32.56,FR,Jayden Duncan,unknown,18-24
81.25.202.100,FR,Bradley Doyle,male,55-64
81.27.16.0,FR,Grace Thomson,female,18-24
149.6.163.81,FR,,female,18-24
185.62.124.0,DE,Finley "Fin" Gray,male,35-44
178.33.76.16,DE,Reece Harrison,male,35-44
92.198.63.14,DE,,male,18-24
176.125.0.0,DE,,female,18-24
176.126.73.0,DE,Louise Carr,female,35-44
178.216.244.0,GB,,male,18-24
178.216.244.1,GB,,unknown,unknown
178.216.244.2,GB,,unknown,18-24
43.255.184.0,CN,Sun Huo,female,35-44
103.37.72.0,CN,Long Zhenya,male,45-54
103.80.200.0,CN,Xun Yin,male,18-24
